First Name,Last Name,Team City,Team Name,Number,Height (feet),Height (inches),Weight,Position,Age,College,Salary
Dewayne,Dedmon,Philadelphia,76ers,14,6,10,245 lbs,C,33,USC,"$580,373"
Joel,Embiid,Philadelphia,76ers,21,7,0,280 lbs,C,29,Kansas,"$33,616,770"
James,Harden,Philadelphia,76ers,1,6,5,220 lbs,SG,33,Arizona State,"$33,000,000"
Montrezl,Harrell,Philadelphia,76ers,5,6,7,240 lbs,C,29,Louisville,"$2,463,490"
Tobias,Harris,Philadelphia,76ers,12,6,7,226 lbs,PF,30,Tennessee,"$37,633,050"
Danuel,House Jr.,Philadelphia,76ers,25,6,6,220 lbs,SF,29,Texas A&M,"$4,105,000"
Louis,King,Philadelphia,76ers,23,6,7,205 lbs,SF,23,Oregon,--
Furkan,Korkmaz,Philadelphia,76ers,30,6,7,202 lbs,SG,25,--,"$5,000,000"
Tyrese,Maxey,Philadelphia,76ers,0,6,2,200 lbs,PG,22,Kentucky,"$2,726,880"
Mac,McClung,Philadelphia,76ers,9,6,2,185 lbs,SG,24,Texas Tech,--
Jalen,McDaniels,Philadelphia,76ers,7,6,9,205 lbs,PF,25,San Diego State,"$1,930,681"
De'Anthony,Melton,Philadelphia,76ers,8,6,2,200 lbs,SG,24,USC,"$8,250,000"
Shake,Milton,Philadelphia,76ers,18,6,5,205 lbs,SG,26,SMU,"$1,977,718"
Georges,Niang,Philadelphia,76ers,20,6,7,230 lbs,SF,29,Iowa State,"$3,465,000"
Paul,Reed,Philadelphia,76ers,44,6,9,210 lbs,SF,23,DePaul,"$1,782,621"
Jaden,Springer,Philadelphia,76ers,11,6,4,202 lbs,G,20,Tennessee,"$2,125,200"
P.J.,Tucker,Philadelphia,76ers,17,6,5,245 lbs,PF,37,Texas,"$10,490,000"
RJ,Barrett,New York,Knicks,9,6,6,214 lbs,SG,22,Duke,"$10,900,635"
Jalen,Brunson,New York,Knicks,11,6,1,190 lbs,PG,26,Villanova,"$27,733,332"
Evan,Fournier,New York,Knicks,13,6,6,205 lbs,SG,30,--,"$18,000,000"
Quentin,Grimes,New York,Knicks,6,6,4,210 lbs,SG,22,Houston,"$2,277,000"
Josh,Hart,New York,Knicks,3,6,4,215 lbs,SG,28,Villanova,"$12,960,000"
Isaiah,Hartenstein,New York,Knicks,55,7,0,250 lbs,C,24,--,"$7,804,879"
DaQuan,Jeffries,New York,Knicks,8,6,5,222 lbs,SG,25,Western Texas Coll. (J.C.),"$1,701,593"
Trevor,Keels,New York,Knicks,3,6,4,221 lbs,G,19,Duke,--
Miles,McBride,New York,Knicks,2,6,2,195 lbs,PG,22,West Virginia,"$1,563,518"
Immanuel,Quickley,New York,Knicks,5,6,3,190 lbs,SG,23,Kentucky,"$2,316,240"
Julius,Randle,New York,Knicks,30,6,8,250 lbs,PF,28,Kentucky,"$23,760,000"
Mitchell,Robinson,New York,Knicks,23,7,0,240 lbs,C,24,--,"$17,045,454"
Derrick,Rose,New York,Knicks,4,6,3,200 lbs,PG,34,Memphis,"$14,520,730"
Jericho,Sims,New York,Knicks,45,6,9,250 lbs,C,24,Texas,"$1,639,842"
Obi,Toppin,New York,Knicks,1,6,9,220 lbs,PF,25,Dayton,"$5,348,280"
Duane,Washington Jr.,New York,Knicks,4,6,2,197 lbs,PG,23,Ohio State,"$1,563,518"
Lonzo,Ball,Chicago,Bulls,2,6,6,190 lbs,PG,25,UCLA,"$19,534,884"
Patrick,Beverley,Chicago,Bulls,21,6,2,180 lbs,PG,34,Arkansas,"$357,717"
Alex,Caruso,Chicago,Bulls,6,6,5,186 lbs,SG,29,Texas A&M,"$9,030,000"
DeMar,DeRozan,Chicago,Bulls,11,6,6,220 lbs,SF,33,USC,"$27,300,000"
Ayo,Dosunmu,Chicago,Bulls,12,6,5,200 lbs,SG,23,Illinois,"$1,563,518"
Andre,Drummond,Chicago,Bulls,3,6,11,279 lbs,C,29,Connecticut,"$3,200,000"
Javonte,Green,Chicago,Bulls,24,6,5,205 lbs,SF,29,Radford,"$1,815,677"
Carlik,Jones,Chicago,Bulls,22,6,0,174 lbs,G,25,Louisville,--
Derrick,Jones Jr.,Chicago,Bulls,5,6,6,210 lbs,SF,26,UNLV,"$3,200,000"
Zach,LaVine,Chicago,Bulls,8,6,5,200 lbs,SG,28,UCLA,"$37,096,500"
Justin,Lewis,Chicago,Bulls,34,6,7,245 lbs,F,20,Marquette,--
Marko,Simonovic,Chicago,Bulls,19,7,0,220 lbs,C,23,--,"$1,563,518"
Terry,Taylor,Chicago,Bulls,32,6,4,230 lbs,F,23,Austin Peay,"$1,563,518"
Dalen,Terry,Chicago,Bulls,25,6,7,195 lbs,F,20,Arizona,"$3,191,400"
Nikola,Vucevic,Chicago,Bulls,9,6,10,260 lbs,C,32,USC,"$22,000,000"
Coby,White,Chicago,Bulls,0,6,5,195 lbs,PG,23,North Carolina,"$7,413,955"
Patrick,Williams,Chicago,Bulls,44,6,7,215 lbs,PF,21,Florida State,"$7,775,400"
Malcolm,Brogdon,Boston,Celtics,13,6,4,229 lbs,PG,30,Virginia,"$22,600,000"
Jaylen,Brown,Boston,Celtics,7,6,6,223 lbs,SG,26,California,"$28,741,071"
JD,Davison,Boston,Celtics,20,6,1,195 lbs,SG,20,Alabama,--
Danilo,Gallinari,Boston,Celtics,8,6,10,236 lbs,PF,34,--,"$6,479,000"
Blake,Griffin,Boston,Celtics,91,6,9,250 lbs,PF,34,Oklahoma,"$1,836,090"
Sam,Hauser,Boston,Celtics,30,6,7,217 lbs,SF,25,Virginia,"$1,563,518"
Al,Horford,Boston,Celtics,42,6,9,240 lbs,C,36,Florida,"$26,500,000"
Mfiondu,Kabengele,Boston,Celtics,28,6,10,250 lbs,C,25,Florida State,"$1,701,593"
Luke,Kornet,Boston,Celtics,40,7,2,250 lbs,C,27,Vanderbilt,"$2,133,278"
Mike,Muscala,Boston,Celtics,57,6,11,240 lbs,C,31,Bucknell,"$3,500,000"
Payton,Pritchard,Boston,Celtics,11,6,1,195 lbs,PG,25,Oregon,"$2,239,200"
Marcus,Smart,Boston,Celtics,36,6,4,220 lbs,PG,29,Oklahoma State,"$17,207,141"
Jayson,Tatum,Boston,Celtics,0,6,8,210 lbs,SF,25,Duke,"$28,103,500"
Derrick,White,Boston,Celtics,9,6,4,190 lbs,PG,28,Colorado,"$16,892,857"
Grant,Williams,Boston,Celtics,12,6,6,236 lbs,PF,24,Tennessee,"$4,306,281"
Robert,Williams III,Boston,Celtics,44,6,9,237 lbs,C,25,Texas A&M,"$10,937,502"
Jarrett,Allen,Cleveland,Cavaliers,31,6,9,243 lbs,C,24,Texas,"$20,000,000"
Mamadi,Diakite,Cleveland,Cavaliers,21,6,9,228 lbs,F,26,Virginia,"$1,517,981"
Darius,Garland,Cleveland,Cavaliers,10,6,1,192 lbs,PG,23,Vanderbilt,"$8,920,795"
Danny,Green,Cleveland,Cavaliers,14,6,6,215 lbs,F,35,North Carolina,"$2,000,000"
Caris,LeVert,Cleveland,Cavaliers,3,6,6,205 lbs,SG,28,Michigan,"$18,796,296"
Robin,Lopez,Cleveland,Cavaliers,33,7,0,281 lbs,C,34,Stanford,"$1,836,090"
Sam,Merrill,Cleveland,Cavaliers,20,6,4,205 lbs,SG,26,Utah State,"$850,000"
Donovan,Mitchell,Cleveland,Cavaliers,45,6,1,215 lbs,SG,26,Louisville,"$30,913,750"
Evan,Mobley,Cleveland,Cavaliers,4,6,11,215 lbs,PF,21,USC,"$8,478,720"
Isaiah,Mobley,Cleveland,Cavaliers,15,6,8,238 lbs,F,23,USC,--
Raul,Neto,Cleveland,Cavaliers,19,6,2,180 lbs,PG,30,--,"$1,836,090"
Isaac,Okoro,Cleveland,Cavaliers,35,6,5,225 lbs,SF,22,Auburn,"$7,040,880"
Cedi,Osman,Cleveland,Cavaliers,16,6,7,230 lbs,SF,27,--,"$7,426,088"
Ricky,Rubio,Cleveland,Cavaliers,13,6,2,190 lbs,PG,32,--,"$5,853,659"
Lamar,Stevens,Cleveland,Cavaliers,8,6,6,230 lbs,F,25,Penn State,"$1,782,621"
Dean,Wade,Cleveland,Cavaliers,32,6,9,228 lbs,PF,26,Kansas State,"$1,930,681"
Dylan,Windler,Cleveland,Cavaliers,9,6,7,196 lbs,SG,26,Belmont,"$4,037,278"
Marvin,Bagley III,Detroit,Pistons,35,6,10,235 lbs,PF,24,Duke,"$12,500,000"
Buddy,Boeheim,Detroit,Pistons,27,6,6,205 lbs,F,23,Syracuse,--
Bojan,Bogdanovic,Detroit,Pistons,44,6,7,226 lbs,SF,33,--,"$19,550,000"
Alec,Burks,Detroit,Pistons,5,6,6,214 lbs,SG,31,Colorado,"$10,012,800"
Cade,Cunningham,Detroit,Pistons,2,6,7,220 lbs,PG,21,Oklahoma State,"$10,552,800"
Hamidou,Diallo,Detroit,Pistons,6,6,5,202 lbs,SG,24,Kentucky,"$5,200,000"
Jalen,Duren,Detroit,Pistons,0,6,11,250 lbs,C,19,Memphis,"$4,124,280"
R.J.,Hampton,Detroit,Pistons,14,6,4,175 lbs,PG,22,--,"$485,403"
Killian,Hayes,Detroit,Pistons,7,6,5,195 lbs,PG,21,--,"$5,572,680"
Jaden,Ivey,Detroit,Pistons,23,6,4,195 lbs,PG,21,Purdue,"$7,252,200"
Cory,Joseph,Detroit,Pistons,18,6,3,200 lbs,PG,31,Texas,"$5,155,500"
Isaiah,Livers,Detroit,Pistons,12,6,6,232 lbs,PF,24,Michigan,"$1,563,518"
Rodney,McGruder,Detroit,Pistons,17,6,4,205 lbs,G,31,Kansas State,"$1,836,090"
Eugene,Omoruyi,Detroit,Pistons,97,6,6,235 lbs,F,26,Oregon,"$555,402"
Jared,Rhoden,Detroit,Pistons,8,6,6,210 lbs,G,23,Seton Hall,--
Isaiah,Stewart,Detroit,Pistons,28,6,8,250 lbs,C,21,Washington,"$3,433,320"
James,Wiseman,Detroit,Pistons,13,7,0,240 lbs,C,21,Memphis,"$9,603,360"
Precious,Achiuwa,Toronto,Raptors,5,6,8,225 lbs,PF,23,Memphis,"$2,840,160"
O.G.,Anunoby,Toronto,Raptors,3,6,7,232 lbs,SF,25,Indiana,"$17,357,143"
Dalano,Banton,Toronto,Raptors,45,6,7,204 lbs,PG,23,Nebraska,"$1,563,318"
Scottie,Barnes,Toronto,Raptors,4,6,8,225 lbs,SF,21,Florida State,"$7,644,720"
Will,Barton,Toronto,Raptors,1,6,5,181 lbs,G,32,Memphis,"$432,642"
Chris,Boucher,Toronto,Raptors,25,6,9,200 lbs,PF,30,Oregon,"$12,690,000"
Jeff,Dowtin Jr.,Toronto,Raptors,20,6,3,177 lbs,PG,25,Rhode Island,--
Malachi,Flynn,Toronto,Raptors,22,6,1,175 lbs,PG,24,San Diego State,"$2,145,720"
Ron,Harper Jr.,Toronto,Raptors,8,6,5,245 lbs,F,22,Rutgers,--
Christian,Koloko,Toronto,Raptors,35,7,0,230 lbs,C,22,Arizona,"$1,500,000"
Jakob,Poeltl,Toronto,Raptors,19,7,1,245 lbs,C,27,Utah,"$9,398,148"
Otto,Porter Jr.,Toronto,Raptors,32,6,8,198 lbs,SF,29,Georgetown,"$6,000,000"
Pascal,Siakam,Toronto,Raptors,43,6,8,230 lbs,PF,28,New Mexico State,"$35,448,672"
Gary,Trent Jr.,Toronto,Raptors,33,6,5,209 lbs,SG,24,Duke,"$17,505,000"
Fred,VanVleet,Toronto,Raptors,23,6,0,197 lbs,SG,29,Wichita State,"$21,250,000"
Joe,Wieskamp,Toronto,Raptors,11,6,6,205 lbs,SF,23,Iowa,"$554,989"
Thaddeus,Young,Toronto,Raptors,21,6,8,235 lbs,PF,34,Georgia Tech,"$8,000,000"
Mikal,Bridges,Brooklyn,Nets,1,6,6,209 lbs,SF,26,Villanova,"$20,100,000"
Moses,Brown,Brooklyn,Nets,0,7,2,245 lbs,C,23,UCLA,"$19,186"
Nic,Claxton,Brooklyn,Nets,33,6,11,215 lbs,C,23,Georgia,"$8,500,000"
Seth,Curry,Brooklyn,Nets,30,6,1,185 lbs,SG,32,Duke,"$8,496,500"
Spencer,Dinwiddie,Brooklyn,Nets,26,6,6,215 lbs,PG,29,Colorado,"$19,500,000"
David,Duke Jr.,Brooklyn,Nets,6,6,4,204 lbs,G,23,Providence,--
Dorian,Finney-Smith,Brooklyn,Nets,28,6,7,220 lbs,PF,29,Florida,"$12,939,648"
Joe,Harris,Brooklyn,Nets,12,6,6,220 lbs,SF,31,Virginia,"$18,642,857"
Cameron,Johnson,Brooklyn,Nets,2,6,8,210 lbs,SF,27,North Carolina,"$5,887,899"
Patty,Mills,Brooklyn,Nets,8,6,0,180 lbs,PG,34,Saint Mary's,"$6,479,000"
Royce,O'Neale,Brooklyn,Nets,00,6,6,226 lbs,PF,29,Baylor,"$9,200,000"
Day'Ron,Sharpe,Brooklyn,Nets,20,6,9,265 lbs,C,21,North Carolina,"$2,109,480"
Ben,Simmons,Brooklyn,Nets,10,6,10,240 lbs,PG,26,LSU,"$35,448,672"
Dru,Smith,Brooklyn,Nets,9,6,3,203 lbs,G,25,Missouri,--
Edmond,Sumner,Brooklyn,Nets,4,6,4,196 lbs,PG,27,Xavier,"$1,968,175"
Cam,Thomas,Brooklyn,Nets,24,6,3,210 lbs,SG,21,LSU,"$2,138,160"
Yuta,Watanabe,Brooklyn,Nets,18,6,8,215 lbs,SF,28,George Washington,"$1,762,796"
Oshae,Brissett,Indiana,Pacers,12,6,7,210 lbs,SF,24,Syracuse,"$1,846,738"
Kendall,Brown,Indiana,Pacers,10,6,7,205 lbs,SG,19,Baylor,--
Chris,Duarte,Indiana,Pacers,3,6,5,190 lbs,SG,25,Oregon,"$3,936,960"
Tyrese,Haliburton,Indiana,Pacers,0,6,5,185 lbs,PG,23,Iowa State,"$4,215,120"
Buddy,Hield,Indiana,Pacers,24,6,4,220 lbs,SG,30,Oklahoma,"$22,768,890"
George,Hill,Indiana,Pacers,7,6,4,188 lbs,PG,36,IUPUI,"$4,000,000"
Serge,Ibaka,Indiana,Pacers,25,6,10,235 lbs,F,33,--,"$1,836,090"
Isaiah,Jackson,Indiana,Pacers,22,6,9,205 lbs,SF,21,Kentucky,"$2,573,760"
James,Johnson,Indiana,Pacers,16,6,7,240 lbs,PF,36,Wake Forest,"$590,926"
Bennedict,Mathurin,Indiana,Pacers,00,6,5,210 lbs,SG,20,Arizona,"$6,586,800"
T.J.,McConnell,Indiana,Pacers,9,6,1,190 lbs,PG,31,Arizona,"$8,100,000"
Andrew,Nembhard,Indiana,Pacers,2,6,3,191 lbs,PG,23,Gonzaga,"$2,244,111"
Aaron,Nesmith,Indiana,Pacers,23,6,5,215 lbs,SF,23,Vanderbilt,"$3,804,360"
Jordan,Nwora,Indiana,Pacers,13,6,8,225 lbs,SF,24,Louisville,"$3,000,000"
Trevelin,Queen,Indiana,Pacers,8,6,6,190 lbs,SG,26,New Mexico State,"$1,637,966"
Jalen,Smith,Indiana,Pacers,25,6,9,215 lbs,PF,23,Maryland,"$4,670,160"
Daniel,Theis,Indiana,Pacers,27,6,8,245 lbs,C,30,--,"$8,694,369"
Myles,Turner,Indiana,Pacers,33,6,11,250 lbs,C,27,Texas,"$35,096,500"
Grayson,Allen,Milwaukee,Bucks,12,6,4,198 lbs,SG,27,Duke,"$8,500,000"
Giannis,Antetokounmpo,Milwaukee,Bucks,34,6,11,242 lbs,PF,28,--,"$42,492,492"
Thanasis,Antetokounmpo,Milwaukee,Bucks,43,6,7,219 lbs,SF,30,--,"$1,878,720"
MarJon,Beauchamp,Milwaukee,Bucks,0,6,7,199 lbs,G,22,--,"$2,485,200"
Jevon,Carter,Milwaukee,Bucks,5,6,1,200 lbs,PG,27,West Virginia,"$2,100,000"
Pat,Connaughton,Milwaukee,Bucks,24,6,5,209 lbs,SG,30,Notre Dame,"$5,728,393"
Jae,Crowder,Milwaukee,Bucks,99,6,6,235 lbs,PF,32,Marquette,"$10,183,000"
Goran,Dragic,Milwaukee,Bucks,7,6,3,190 lbs,PG,36,--,"$390,433"
AJ,Green,Milwaukee,Bucks,20,6,5,190 lbs,G,23,Northern Iowa,--
Jrue,Holiday,Milwaukee,Bucks,21,6,4,205 lbs,PG,32,UCLA,"$33,665,040"
Joe,Ingles,Milwaukee,Bucks,7,6,8,220 lbs,SG,35,--,"$6,479,000"
Meyers,Leonard,Milwaukee,Bucks,3,7,0,260 lbs,C,31,Illinois,"$284,911"
Brook,Lopez,Milwaukee,Bucks,11,7,0,282 lbs,C,34,Stanford,"$13,906,976"
Wesley,Matthews,Milwaukee,Bucks,23,6,4,220 lbs,SG,36,Marquette,"$1,836,090"
Khris,Middleton,Milwaukee,Bucks,22,6,7,222 lbs,SF,31,Texas A&M,"$37,948,276"
Bobby,Portis,Milwaukee,Bucks,9,6,10,250 lbs,F,28,Arkansas,"$10,843,350"
Lindell,Wigginton,Milwaukee,Bucks,28,6,1,189 lbs,G,24,Iowa State,--
Nicolas,Batum,LA,Clippers,33,6,8,230 lbs,PF,34,--,"$10,843,350"
Brandon,Boston Jr.,LA,Clippers,4,6,6,188 lbs,SG,21,Kentucky,"$1,563,518"
Amir,Coffey,LA,Clippers,7,6,7,210 lbs,SG,25,Minnesota,"$3,395,062"
Robert,Covington,LA,Clippers,23,6,7,209 lbs,PF,32,Tennessee State,"$12,307,692"
Moussa,Diabate,LA,Clippers,25,6,10,210 lbs,F,21,Michigan,--
Paul,George,LA,Clippers,13,6,8,220 lbs,F,32,Fresno State,"$42,492,492"
Eric,Gordon,LA,Clippers,10,6,3,215 lbs,SG,34,Indiana,"$19,568,360"
Bones,Hyland,LA,Clippers,5,6,2,169 lbs,PG,22,Virginia Commonwealth,"$2,201,520"
Kawhi,Leonard,LA,Clippers,2,6,7,225 lbs,SF,31,San Diego State,"$42,492,492"
Terance,Mann,LA,Clippers,14,6,5,215 lbs,SG,26,Florida State,"$1,930,681"
Xavier,Moon,LA,Clippers,15,6,0,165 lbs,PG,28,Morehead State,--
Marcus,Morris Sr.,LA,Clippers,8,6,8,218 lbs,SF,33,Kansas,"$16,372,093"
Mason,Plumlee,LA,Clippers,44,7,0,254 lbs,C,33,Duke,"$9,080,417"
Norman,Powell,LA,Clippers,24,6,3,215 lbs,G,29,UCLA,"$16,758,621"
Jason,Preston,LA,Clippers,17,6,3,181 lbs,PG,23,Ohio,"$1,563,518"
Russell,Westbrook,LA,Clippers,0,6,3,200 lbs,PG,34,UCLA,"$495,955"
Ivica,Zubac,LA,Clippers,40,7,0,240 lbs,C,26,--,"$10,123,457"
Mo,Bamba,Los Angeles,Lakers,12,7,0,231 lbs,C,24,Texas,"$10,300,000"
Malik,Beasley,Los Angeles,Lakers,5,6,4,187 lbs,SG,26,Florida State,"$15,558,035"
Troy,Brown Jr.,Los Angeles,Lakers,7,6,6,215 lbs,SF,23,Oregon,"$1,836,090"
Max,Christie,Los Angeles,Lakers,10,6,5,190 lbs,G,20,Michigan State,"$1,017,781"
Anthony,Davis,Los Angeles,Lakers,3,6,10,253 lbs,PF,30,Kentucky,"$37,980,720"
Wenyen,Gabriel,Los Angeles,Lakers,35,6,9,205 lbs,F,26,Kentucky,"$1,878,720"
Rui,Hachimura,Los Angeles,Lakers,28,6,8,230 lbs,PF,25,Gonzaga,"$6,263,188"
LeBron,James,Los Angeles,Lakers,6,6,9,250 lbs,SF,38,--,"$44,474,988"
Scotty,Pippen Jr.,Los Angeles,Lakers,14,6,2,170 lbs,G,22,Vanderbilt,--
Austin,Reaves,Los Angeles,Lakers,15,6,5,197 lbs,SG,24,Oklahoma,"$1,563,518"
Davon,Reed,Los Angeles,Lakers,11,6,5,206 lbs,SG,27,Miami (FL),"$1,902,133"
D'Angelo,Russell,Los Angeles,Lakers,1,6,4,193 lbs,PG,27,Ohio State,"$31,377,750"
Dennis,Schroder,Los Angeles,Lakers,17,6,1,172 lbs,PG,29,--,"$1,836,090"
Cole,Swider,Los Angeles,Lakers,20,6,9,220 lbs,F,23,Syracuse,--
Jarred,Vanderbilt,Los Angeles,Lakers,2,6,8,214 lbs,PF,23,Kentucky,"$4,050,000"
Lonnie,Walker IV,Los Angeles,Lakers,4,6,4,204 lbs,G,24,Miami (FL),"$6,479,000"
Deandre,Ayton,Phoenix,Suns,22,7,0,250 lbs,C,24,Arizona,"$30,913,750"
Darius,Bazley,Phoenix,Suns,55,6,9,216 lbs,PF,22,--,"$4,264,629"
Bismack,Biyombo,Phoenix,Suns,18,6,8,255 lbs,C,30,--,"$1,836,090"
Devin,Booker,Phoenix,Suns,1,6,5,206 lbs,SG,26,Kentucky,"$33,833,400"
Torrey,Craig,Phoenix,Suns,0,6,7,221 lbs,SF,32,USC Upstate,"$5,121,951"
Kevin,Durant,Phoenix,Suns,35,6,10,240 lbs,PF,34,Texas,"$44,119,845"
Jock,Landale,Phoenix,Suns,11,6,11,255 lbs,C,27,Saint Mary's,"$1,563,518"
Damion,Lee,Phoenix,Suns,10,6,5,210 lbs,SG,30,Louisville,"$1,836,090"
Saben,Lee,Phoenix,Suns,38,6,2,183 lbs,G,23,Vanderbilt,"$1,752,638"
Josh,Okogie,Phoenix,Suns,2,6,4,213 lbs,SF,24,Georgia Tech,"$1,836,090"
Chris,Paul,Phoenix,Suns,3,6,0,175 lbs,PG,37,Wake Forest,"$28,400,000"
Cameron,Payne,Phoenix,Suns,15,6,1,183 lbs,PG,28,Murray State,"$6,000,000"
Terrence,Ross,Phoenix,Suns,8,6,7,206 lbs,G,32,Washington,"$580,373"
Landry,Shamet,Phoenix,Suns,14,6,4,190 lbs,SG,26,Wichita State,"$9,500,000"
Ish,Wainright,Phoenix,Suns,12,6,5,250 lbs,F,28,Baylor,"$5,318"
T.J.,Warren,Phoenix,Suns,21,6,8,220 lbs,SF,29,NC State,"$1,836,090"
Ochai,Agbaji,Utah,Jazz,30,6,5,215 lbs,G,22,Kansas,"$3,918,360"
Udoka,Azubuike,Utah,Jazz,20,6,11,270 lbs,C,23,Kansas,"$2,174,880"
Jarrell,Brantley,Utah,Jazz,5,6,5,250 lbs,PF,26,Charleston,"$1,669,178"
Jordan,Clarkson,Utah,Jazz,00,6,5,194 lbs,PG,30,Missouri,"$13,340,000"
Kris,Dunn,Utah,Jazz,11,6,3,205 lbs,G,29,Providence,"$735,819"
Simone,Fontecchio,Utah,Jazz,16,6,7,209 lbs,F,27,--,"$3,205,128"
Rudy,Gay,Utah,Jazz,22,6,8,250 lbs,SF,36,Connecticut,"$6,184,500"
Talen,Horton-Tucker,Utah,Jazz,0,6,4,234 lbs,SG,22,Iowa State,"$10,260,000"
Damian,Jones,Utah,Jazz,15,6,11,245 lbs,C,27,Vanderbilt,"$2,298,385"
Johnny,Juzang,Utah,Jazz,33,6,6,209 lbs,G,22,UCLA,--
Walker,Kessler,Utah,Jazz,24,7,0,245 lbs,C,21,Auburn,"$2,696,400"
Lauri,Markkanen,Utah,Jazz,23,7,0,240 lbs,PF,25,Arizona,"$16,475,454"
Kelly,Olynyk,Utah,Jazz,41,6,11,240 lbs,PF,31,Gonzaga,"$12,195,122"
Micah,Potter,Utah,Jazz,25,6,8,248 lbs,C,24,Wisconsin,--
Collin,Sexton,Utah,Jazz,2,6,2,190 lbs,PG,24,Alabama,"$16,500,000"
Juan,Toscano-Anderson,Utah,Jazz,95,6,6,209 lbs,SF,29,Marquette,"$1,836,090"
Nickeil,Alexander-Walker,Minnesota,Timberwolves,9,6,5,205 lbs,SG,24,Virginia Tech,"$5,009,633"
Kyle,Anderson,Minnesota,Timberwolves,5,6,9,230 lbs,SF,29,UCLA,"$8,780,488"
Mike,Conley,Minnesota,Timberwolves,10,6,1,175 lbs,PG,35,Ohio State,"$22,680,000"
Anthony,Edwards,Minnesota,Timberwolves,1,6,4,225 lbs,SG,21,Georgia,"$10,733,400"
Luka,Garza,Minnesota,Timberwolves,55,6,10,243 lbs,C,24,Iowa,"$925,258"
Rudy,Gobert,Minnesota,Timberwolves,27,7,1,258 lbs,C,30,--,"$38,172,414"
Nathan,Knight,Minnesota,Timberwolves,13,6,8,253 lbs,F,25,William & Mary,"$1,836,090"
Jaden,McDaniels,Minnesota,Timberwolves,3,6,9,185 lbs,PF,22,Washington,"$2,161,440"
Jordan,McLaughlin,Minnesota,Timberwolves,6,6,0,185 lbs,PG,26,USC,"$2,160,000"
Josh,Minott,Minnesota,Timberwolves,8,6,8,205 lbs,F,20,Memphis,"$1,017,781"
Wendell,Moore Jr.,Minnesota,Timberwolves,7,6,5,215 lbs,G,21,Duke,"$2,306,520"
Jaylen,Nowell,Minnesota,Timberwolves,4,6,4,201 lbs,SG,23,Washington,"$1,930,681"
Taurean,Prince,Minnesota,Timberwolves,12,6,6,218 lbs,PF,29,Baylor,"$8,000,000"
Naz,Reid,Minnesota,Timberwolves,11,6,9,264 lbs,C,23,LSU,"$1,930,681"
Austin,Rivers,Minnesota,Timberwolves,25,6,4,200 lbs,SG,30,Duke,"$1,836,090"
Matt,Ryan,Minnesota,Timberwolves,37,6,6,215 lbs,F,25,Chattanooga,"$1,836,090"
Karl-Anthony,Towns,Minnesota,Timberwolves,32,7,0,248 lbs,C,27,Kentucky,"$33,833,400"
Patrick,Baldwin Jr.,Golden State,Warriors,7,6,9,220 lbs,F,20,Milwaukee,"$2,226,000"
Stephen,Curry,Golden State,Warriors,30,6,2,185 lbs,PG,35,Davidson,"$48,070,014"
Donte,DiVincenzo,Golden State,Warriors,0,6,4,203 lbs,SG,26,Villanova,"$4,500,000"
Draymond,Green,Golden State,Warriors,23,6,6,230 lbs,PF,33,Michigan State,"$25,806,468"
JaMychal,Green,Golden State,Warriors,1,6,9,227 lbs,F,32,Alabama,"$1,836,090"
Andre,Iguodala,Golden State,Warriors,9,6,6,215 lbs,F,39,Arizona,"$1,836,090"
Ty,Jerome,Golden State,Warriors,10,6,5,195 lbs,SG,25,Virginia,"$4,220,057"
Jonathan,Kuminga,Golden State,Warriors,00,6,7,225 lbs,PF,20,--,"$5,739,860"
Anthony,Lamb,Golden State,Warriors,40,6,6,227 lbs,F,25,Vermont,"$253,254"
Kevon,Looney,Golden State,Warriors,5,6,9,222 lbs,F,27,UCLA,"$8,000,000"
Moses,Moody,Golden State,Warriors,4,6,5,211 lbs,SG,20,Arkansas,"$3,562,200"
Gary,Payton II,Golden State,Warriors,8,6,2,195 lbs,SG,30,Oregon State,"$8,300,000"
Jordan,Poole,Golden State,Warriors,3,6,4,194 lbs,SG,23,Michigan,"$3,901,399"
Lester,Quinones,Golden State,Warriors,25,6,4,208 lbs,G,22,Memphis,--
Ryan,Rollins,Golden State,Warriors,2,6,3,180 lbs,G,20,Toledo,"$1,017,781"
Klay,Thompson,Golden State,Warriors,11,6,6,220 lbs,SG,33,Washington State,"$40,600,080"
Andrew,Wiggins,Golden State,Warriors,22,6,7,197 lbs,SF,28,Kansas,"$33,616,770"
Jared,Butler,Oklahoma City,Thunder,14,6,3,193 lbs,SG,22,Baylor,"$1,563,518"
Ousmane,Dieng,Oklahoma City,Thunder,13,6,9,185 lbs,F,19,--,"$4,569,840"
Luguentz,Dort,Oklahoma City,Thunder,5,6,4,220 lbs,G,23,Arizona State,"$15,277,778"
Josh,Giddey,Oklahoma City,Thunder,3,6,8,216 lbs,SG,20,--,"$6,287,280"
Shai,Gilgeous-Alexander,Oklahoma City,Thunder,2,6,6,195 lbs,PG,24,Kentucky,"$30,913,750"
Chet,Holmgren,Oklahoma City,Thunder,7,7,1,195 lbs,PF,20,Gonzaga,"$9,891,240"
Isaiah,Joe,Oklahoma City,Thunder,11,6,3,165 lbs,SG,23,Arkansas,"$1,836,090"
Tre,Mann,Oklahoma City,Thunder,23,6,3,178 lbs,PG,22,Florida,"$3,046,200"
Aleksej,Pokusevski,Oklahoma City,Thunder,17,7,0,190 lbs,F,21,--,"$3,261,480"
Jeremiah,Robinson-Earl,Oklahoma City,Thunder,50,6,8,240 lbs,PF,22,Villanova,"$2,000,000"
Dario,Saric,Oklahoma City,Thunder,9,6,10,225 lbs,PF,28,--,"$9,240,000"
Olivier,Sarr,Oklahoma City,Thunder,30,7,0,240 lbs,C,24,Kentucky,--
Lindy,Waters III,Oklahoma City,Thunder,12,6,6,210 lbs,F,25,Oklahoma State,"$1,927,896"
Aaron,Wiggins,Oklahoma City,Thunder,21,6,5,190 lbs,SG,24,Maryland,"$1,563,518"
Jalen,Williams,Oklahoma City,Thunder,8,6,6,195 lbs,F,21,Santa Clara,"$4,341,480"
Jaylin,Williams,Oklahoma City,Thunder,6,6,9,240 lbs,F,20,Arkansas,"$2,000,000"
Kenrich,Williams,Oklahoma City,Thunder,34,6,6,210 lbs,SF,28,TCU,"$2,000,000"
Ryan,Arcidiacono,Portland,Trail Blazers,51,6,3,195 lbs,G,29,Villanova,"$1,836,090"
Ibou,Badji,Portland,Trail Blazers,41,7,1,240 lbs,C,20,--,--
John,Butler Jr.,Portland,Trail Blazers,21,7,0,190 lbs,F,20,Florida State,--
Drew,Eubanks,Portland,Trail Blazers,24,6,10,245 lbs,PF,26,Oregon State,"$1,836,090"
Jerami,Grant,Portland,Trail Blazers,9,6,8,210 lbs,SF,29,Syracuse,"$20,955,000"
Keon,Johnson,Portland,Trail Blazers,6,6,3,185 lbs,SG,21,Tennessee,"$2,681,040"
Kevin,Knox II,Portland,Trail Blazers,11,6,7,215 lbs,SF,23,Kentucky,"$5,845,979"
Damian,Lillard,Portland,Trail Blazers,0,6,2,195 lbs,PG,32,Weber State,"$42,492,492"
Nassir,Little,Portland,Trail Blazers,10,6,5,220 lbs,SF,23,North Carolina,"$4,171,548"
Jusuf,Nurkic,Portland,Trail Blazers,27,7,0,290 lbs,C,28,--,"$15,625,000"
Cam,Reddish,Portland,Trail Blazers,5,6,8,217 lbs,SF,23,Duke,"$5,954,454"
Shaedon,Sharpe,Portland,Trail Blazers,17,6,5,200 lbs,SG,19,Kentucky,"$6,012,960"
Anfernee,Simons,Portland,Trail Blazers,1,6,3,181 lbs,SG,23,--,"$22,321,429"
Matisse,Thybulle,Portland,Trail Blazers,4,6,5,201 lbs,SG,26,Washington,"$4,379,527"
Jabari,Walker,Portland,Trail Blazers,34,6,7,200 lbs,F,20,Colorado,"$1,017,781"
Trendon,Watford,Portland,Trail Blazers,2,6,8,237 lbs,PF,22,LSU,"$1,563,518"
Justise,Winslow,Portland,Trail Blazers,26,6,6,222 lbs,PF,27,Duke,"$4,097,561"
Christian,Braun,Denver,Nuggets,0,6,6,220 lbs,G,21,Kansas,"$2,808,600"
Bruce,Brown,Denver,Nuggets,11,6,4,202 lbs,SF,26,Miami (FL),"$6,479,000"
Thomas,Bryant,Denver,Nuggets,13,6,10,248 lbs,C,25,Indiana,"$1,836,090"
Kentavious,Caldwell-Pope,Denver,Nuggets,5,6,5,204 lbs,SG,30,Georgia,"$14,004,703"
Vlatko,Cancar,Denver,Nuggets,31,6,8,236 lbs,SF,25,--,"$2,234,359"
Collin,Gillespie,Denver,Nuggets,21,6,1,195 lbs,G,23,Villanova,--
Aaron,Gordon,Denver,Nuggets,50,6,8,235 lbs,PF,27,Arizona,"$19,690,909"
Jeff,Green,Denver,Nuggets,32,6,8,235 lbs,PF,36,Georgetown,"$4,500,000"
Reggie,Jackson,Denver,Nuggets,7,6,2,208 lbs,PG,32,Boston College,"$580,373"
Nikola,Jokic,Denver,Nuggets,15,6,11,284 lbs,C,28,--,"$33,047,804"
DeAndre,Jordan,Denver,Nuggets,6,6,11,265 lbs,C,34,Texas A&M,"$1,836,090"
Jamal,Murray,Denver,Nuggets,27,6,4,215 lbs,PG,26,Kentucky,"$31,650,000"
Zeke,Nnaji,Denver,Nuggets,22,6,9,240 lbs,PF,22,Arizona,"$2,498,760"
Michael,Porter Jr.,Denver,Nuggets,1,6,10,218 lbs,SF,24,Missouri,"$30,913,750"
Ish,Smith,Denver,Nuggets,14,6,0,175 lbs,PG,34,Wake Forest,"$4,750,000"
Peyton,Watson,Denver,Nuggets,8,6,7,200 lbs,F,20,UCLA,"$2,193,960"
Jack,White,Denver,Nuggets,10,6,7,225 lbs,F,25,Duke,--
Saddiq,Bey,Atlanta,Hawks,41,6,7,215 lbs,SF,23,Villanova,"$2,959,080"
Bogdan,Bogdanovic,Atlanta,Hawks,13,6,5,225 lbs,SG,30,--,"$18,000,000"
Clint,Capela,Atlanta,Hawks,15,6,10,256 lbs,C,28,--,"$18,706,896"
John,Collins,Atlanta,Hawks,20,6,9,226 lbs,PF,25,Wake Forest,"$23,500,000"
Bruno,Fernando,Atlanta,Hawks,20,6,10,240 lbs,PF,24,Maryland,"$2,717,391"
Trent,Forrest,Atlanta,Hawks,2,6,4,210 lbs,G,24,Florida State,--
AJ,Griffin,Atlanta,Hawks,14,6,6,220 lbs,F,19,Duke,"$3,536,160"
Aaron,Holiday,Atlanta,Hawks,3,6,0,185 lbs,G,26,UCLA,"$1,836,090"
De'Andre,Hunter,Atlanta,Hawks,12,6,8,221 lbs,SF,25,Virginia,"$9,835,881"
Jalen,Johnson,Atlanta,Hawks,1,6,8,219 lbs,SF,21,Duke,"$2,792,640"
Vit,Krejci,Atlanta,Hawks,27,6,8,195 lbs,G,22,--,"$1,563,518"
Tyrese,Martin,Atlanta,Hawks,22,6,6,215 lbs,G,24,Connecticut,"$1,017,781"
Garrison,Mathews,Atlanta,Hawks,25,6,6,215 lbs,SG,26,Lipscomb,"$2,000,000"
Dejounte,Murray,Atlanta,Hawks,5,6,5,180 lbs,SG,26,Washington,"$16,571,120"
Onyeka,Okongwu,Atlanta,Hawks,17,6,9,240 lbs,PF,22,USC,"$6,395,160"
Donovan,Williams,Atlanta,Hawks,4,6,6,190 lbs,G,21,UNLV,--
Trae,Young,Atlanta,Hawks,11,6,1,164 lbs,PG,24,Oklahoma,"$37,095,000"
LaMelo,Ball,Charlotte,Hornets,1,6,7,180 lbs,PG,21,--,"$8,623,920"
James,Bouknight,Charlotte,Hornets,2,6,4,190 lbs,SG,22,Connecticut,"$4,362,240"
Gordon,Hayward,Charlotte,Hornets,20,6,7,225 lbs,SF,33,Butler,"$30,075,000"
Kai,Jones,Charlotte,Hornets,23,6,11,221 lbs,PF,22,Texas,"$2,909,040"
Theo,Maledon,Charlotte,Hornets,9,6,5,175 lbs,PG,21,--,"$1,900,000"
Cody,Martin,Charlotte,Hornets,11,6,6,205 lbs,SF,27,Nevada,"$7,000,000"
Bryce,McGowens,Charlotte,Hornets,7,6,6,175 lbs,G,20,Nebraska,--
Svi,Mykhailiuk,Charlotte,Hornets,10,6,7,205 lbs,SG,25,Kansas,"$1,836,090"
Kelly,Oubre Jr.,Charlotte,Hornets,12,6,6,203 lbs,SG,27,Kansas,"$12,600,000"
Nick,Richards,Charlotte,Hornets,4,7,0,245 lbs,C,25,Kentucky,"$1,782,621"
Terry,Rozier,Charlotte,Hornets,3,6,1,190 lbs,SG,29,Louisville,"$21,486,283"
Dennis,Smith Jr.,Charlotte,Hornets,8,6,2,205 lbs,PG,25,NC State,"$1,836,090"
JT,Thor,Charlotte,Hornets,21,6,9,203 lbs,F,20,Auburn,"$1,563,518"
P.J.,Washington,Charlotte,Hornets,25,6,7,230 lbs,PF,24,Kentucky,"$5,808,435"
Mark,Williams,Charlotte,Hornets,5,7,0,240 lbs,C,21,Duke,"$3,722,040"
Harrison,Barnes,Sacramento,Kings,40,6,8,225 lbs,SF,30,North Carolina,"$18,352,273"
Terence,Davis,Sacramento,Kings,3,6,4,201 lbs,SG,25,Ole Miss,"$4,000,000"
Matthew,Dellavedova,Sacramento,Kings,8,6,3,200 lbs,PG,32,Saint Mary's,"$1,836,090"
PJ,Dozier,Sacramento,Kings,35,6,6,205 lbs,G,26,South Carolina,"$1,910,860"
Kessler,Edwards,Sacramento,Kings,14,6,7,203 lbs,SF,22,Pepperdine,"$1,637,966"
Keon,Ellis,Sacramento,Kings,23,6,3,175 lbs,G,23,Alabama,--
De'Aaron,Fox,Sacramento,Kings,5,6,3,185 lbs,PG,25,Kentucky,"$28,103,550"
Richaun,Holmes,Sacramento,Kings,22,6,9,235 lbs,F,29,Bowling Green,"$11,215,260"
Kevin,Huerter,Sacramento,Kings,9,6,7,198 lbs,SG,24,Maryland,"$14,508,929"
Alex,Len,Sacramento,Kings,25,7,1,250 lbs,C,29,Maryland,"$3,918,000"
Trey,Lyles,Sacramento,Kings,41,6,9,234 lbs,PF,27,Kentucky,"$2,700,000"
Chimezie,Metu,Sacramento,Kings,7,6,9,225 lbs,PF,26,USC,"$1,910,680"
Davion,Mitchell,Sacramento,Kings,15,6,0,202 lbs,PG,24,Baylor,"$4,833,600"
Malik,Monk,Sacramento,Kings,0,6,3,200 lbs,SG,25,Kentucky,"$9,472,219"
Keegan,Murray,Sacramento,Kings,13,6,8,215 lbs,SF,22,Iowa,"$8,008,440"
Neemias,Queta,Sacramento,Kings,88,7,0,248 lbs,C,23,Utah State,--
Domantas,Sabonis,Sacramento,Kings,10,7,0,240 lbs,PF,26,Gonzaga,"$18,500,000"
D.J.,Augustin,Houston,Rockets,4,5,11,183 lbs,G,35,Texas,--
Willie,Cauley-Stein,Houston,Rockets,2,7,0,240 lbs,C,29,Kentucky,"$4,100,000"
Josh,Christopher,Houston,Rockets,9,6,4,215 lbs,SG,21,Arizona State,"$2,372,160"
Darius,Days,Houston,Rockets,5,6,7,245 lbs,F,23,LSU,--
Tari,Eason,Houston,Rockets,17,6,8,215 lbs,F,21,LSU,"$3,309,160"
Usman,Garuba,Houston,Rockets,16,6,8,229 lbs,PF,21,--,"$2,471,160"
Jalen,Green,Houston,Rockets,4,6,4,186 lbs,SG,21,--,"$9,441,840"
Trevor,Hudgins,Houston,Rockets,12,6,0,180 lbs,G,24,Northwest Missouri State,--
Frank,Kaminsky,Houston,Rockets,33,7,0,240 lbs,PF,29,Wisconsin,"$1,836,090"
Boban,Marjanovic,Houston,Rockets,51,7,4,290 lbs,C,34,--,"$601,478"
Kenyon,Martin Jr.,Houston,Rockets,6,6,7,215 lbs,F,22,--,"$1,782,621"
Daishen,Nix,Houston,Rockets,15,6,4,226 lbs,SG,21,--,"$1,563,518"
Kevin,Porter Jr.,Houston,Rockets,3,6,4,203 lbs,SG,22,USC,"$3,217,631"
Alperen,Sengun,Houston,Rockets,28,6,11,243 lbs,C,20,--,"$3,375,480"
Jabari,Smith Jr.,Houston,Rockets,1,6,11,220 lbs,PF,19,Auburn,"$8,882,640"
Jae'Sean,Tate,Houston,Rockets,8,6,5,230 lbs,SF,27,Ohio State,"$7,065,217"
TyTy,Washington Jr.,Houston,Rockets,0,6,3,195 lbs,G,21,Kentucky,"$2,210,040"
Bam,Adebayo,Miami,Heat,13,6,9,255 lbs,C,25,Kentucky,"$30,351,780"
Jimmy,Butler,Miami,Heat,22,6,7,230 lbs,SF,33,Marquette,"$37,653,300"
Jamal,Cain,Miami,Heat,8,6,7,191 lbs,F,24,Oakland,--
Udonis,Haslem,Miami,Heat,40,6,8,235 lbs,PF,42,Florida,"$1,836,090"
Tyler,Herro,Miami,Heat,14,6,5,195 lbs,PG,23,Kentucky,"$5,722,116"
Haywood,Highsmith,Miami,Heat,24,6,4,220 lbs,F,26,Wheeling Jesuit,"$1,752,638"
Nikola,Jovic,Miami,Heat,5,6,10,205 lbs,F,19,--,"$2,239,920"
Kevin,Love,Miami,Heat,42,6,8,251 lbs,PF,34,UCLA,"$3,114,138"
Kyle,Lowry,Miami,Heat,7,6,0,196 lbs,PG,37,Villanova,"$28,333,334"
Caleb,Martin,Miami,Heat,16,6,5,205 lbs,SF,27,Nevada,"$6,479,000"
Victor,Oladipo,Miami,Heat,4,6,4,213 lbs,SG,30,Indiana,"$8,750,000"
Duncan,Robinson,Miami,Heat,55,6,7,215 lbs,F,28,Michigan,"$16,902,000"
Orlando,Robinson,Miami,Heat,25,7,0,235 lbs,C,22,Fresno State,--
Max,Strus,Miami,Heat,31,6,5,215 lbs,SG,26,DePaul,"$1,815,677"
Gabe,Vincent,Miami,Heat,2,6,3,200 lbs,PG,26,UC Santa Barbara,"$1,815,677"
Omer,Yurtseven,Miami,Heat,77,6,11,275 lbs,C,24,Georgetown,"$1,752,638"
Cody,Zeller,Miami,Heat,44,6,11,240 lbs,C,30,Indiana,"$517,060"
Davis,Bertans,Dallas,Mavericks,44,6,10,225 lbs,SF,30,--,"$16,000,000"
Reggie,Bullock,Dallas,Mavericks,25,6,6,205 lbs,SF,32,North Carolina,"$10,012,800"
Luka,Doncic,Dallas,Mavericks,77,6,7,230 lbs,PG,24,--,"$37,095,000"
Josh,Green,Dallas,Mavericks,8,6,6,200 lbs,SG,22,Arizona,"$3,098,400"
Tim,Hardaway Jr.,Dallas,Mavericks,11,6,5,205 lbs,SF,31,Michigan,"$19,602,273"
Jaden,Hardy,Dallas,Mavericks,3,6,3,198 lbs,G,20,--,"$1,017,781"
Justin,Holiday,Dallas,Mavericks,0,6,6,180 lbs,SF,33,Washington,"$569,821"
Kyrie,Irving,Dallas,Mavericks,2,6,2,195 lbs,PG,31,Duke,"$38,917,057"
Maxi,Kleber,Dallas,Mavericks,42,6,10,240 lbs,PF,31,--,"$9,000,000"
A.J.,Lawson,Dallas,Mavericks,9,6,6,179 lbs,G,22,South Carolina,--
JaVale,McGee,Dallas,Mavericks,00,7,0,270 lbs,C,35,Nevada,"$5,461,219"
Markieff,Morris,Dallas,Mavericks,13,6,9,245 lbs,PF,33,Kansas,"$1,836,090"
Frank,Ntilikina,Dallas,Mavericks,21,6,4,200 lbs,PG,24,--,"$2,036,318"
Theo,Pinson,Dallas,Mavericks,1,6,7,212 lbs,G,27,North Carolina,"$1,836,090"
Dwight,Powell,Dallas,Mavericks,7,6,10,240 lbs,C,31,Stanford,"$11,080,125"
Christian,Wood,Dallas,Mavericks,35,6,9,214 lbs,F,27,UNLV,"$14,317,460"
McKinley,Wright IV,Dallas,Mavericks,23,5,11,192 lbs,PG,24,Colorado,--
Cole,Anthony,Orlando,Magic,50,6,3,185 lbs,PG,22,North Carolina,"$3,613,680"
Paolo,Banchero,Orlando,Magic,5,6,10,250 lbs,PF,20,Duke,"$11,055,120"
Goga,Bitadze,Orlando,Magic,88,6,11,250 lbs,C,23,--,"$612,181"
Bol,Bol,Orlando,Magic,10,7,2,220 lbs,C,23,Oregon,"$2,200,000"
Wendell,Carter Jr.,Orlando,Magic,34,6,10,270 lbs,C,23,Duke,"$14,150,000"
Michael,Carter-Williams,Orlando,Magic,11,6,5,190 lbs,G,31,Syracuse,"$652,829"
Markelle,Fultz,Orlando,Magic,20,6,4,209 lbs,PG,24,Washington,"$16,500,000"
Gary,Harris,Orlando,Magic,14,6,4,210 lbs,SG,28,Michigan State,"$13,000,000"
Kevon,Harris,Orlando,Magic,7,6,6,216 lbs,G,25,Stephen F. Austin,--
Caleb,Houstan,Orlando,Magic,2,6,8,205 lbs,G,20,Michigan,"$2,000,000"
Jonathan,Isaac,Orlando,Magic,1,6,10,230 lbs,PF,25,Florida State,"$17,400,000"
Chuma,Okeke,Orlando,Magic,3,6,8,229 lbs,PF,24,Auburn,"$3,433,320"
Admiral,Schofield,Orlando,Magic,25,6,5,241 lbs,SF,25,Tennessee,"$516,508"
Jay,Scrubb,Orlando,Magic,0,6,5,220 lbs,G,22,John A. Logan College,--
Jalen,Suggs,Orlando,Magic,4,6,5,205 lbs,SG,21,Gonzaga,"$6,922,320"
Franz,Wagner,Orlando,Magic,22,6,10,220 lbs,SF,21,Michigan,"$5,258,280"
Moritz,Wagner,Orlando,Magic,21,6,11,245 lbs,C,25,Michigan,"$1,878,720"
Steven,Adams,Memphis,Grizzlies,4,6,11,265 lbs,C,29,Pittsburgh,"$17,926,829"
Santi,Aldama,Memphis,Grizzlies,7,6,11,215 lbs,PF,22,Loyola (MD),"$2,094,240"
Desmond,Bane,Memphis,Grizzlies,22,6,5,215 lbs,SG,24,TCU,"$2,130,240"
Dillon,Brooks,Memphis,Grizzlies,24,6,7,225 lbs,SF,27,Oregon,"$11,400,000"
Kennedy,Chandler,Memphis,Grizzlies,1,6,0,171 lbs,G,20,Tennessee,"$1,200,000"
Brandon,Clarke,Memphis,Grizzlies,15,6,8,215 lbs,PF,26,Gonzaga,"$4,343,920"
Jaren,Jackson Jr.,Memphis,Grizzlies,13,6,11,242 lbs,PF,23,Michigan State,"$28,946,605"
Tyus,Jones,Memphis,Grizzlies,21,6,0,196 lbs,PG,26,Duke,"$1,500,000"
Luke,Kennard,Memphis,Grizzlies,10,6,5,206 lbs,SG,26,Duke,"$14,415,545"
John,Konchar,Memphis,Grizzlies,46,6,5,210 lbs,SG,27,--,"$2,300,000"
Jake,LaRavia,Memphis,Grizzlies,3,6,8,235 lbs,F,21,Wake Forest,"$3,047,640"
Kenneth,Lofton Jr.,Memphis,Grizzlies,6,6,7,275 lbs,F,20,Louisiana Tech,--
Ja,Morant,Memphis,Grizzlies,12,6,3,174 lbs,PG,23,Murray State,"$9,603,360"
David,Roddy,Memphis,Grizzlies,27,6,5,252 lbs,F,21,Colorado State,"$2,588,640"
Xavier,Tillman,Memphis,Grizzlies,2,6,8,245 lbs,F,24,Michigan State,"$1,901,625"
Ziaire,Williams,Memphis,Grizzlies,8,6,9,185 lbs,F,21,Stanford,"$4,591,680"
Vince,Williams Jr.,Memphis,Grizzlies,5,6,6,205 lbs,G,22,Virginia Commonwealth,--
Deni,Avdija,Washington,Wizards,9,6,9,210 lbs,SF,22,--,"$4,916,160"
Bradley,Beal,Washington,Wizards,3,6,4,207 lbs,SG,29,Florida,"$43,279,250"
Xavier,Cooks,Washington,Wizards,12,6,8,185 lbs,G,27,Winthrop,"$140,384"
Johnny,Davis,Washington,Wizards,1,6,4,195 lbs,G,21,Wisconsin,"$4,810,320"
Daniel,Gafford,Washington,Wizards,21,6,10,234 lbs,C,24,Arkansas,"$1,930,681"
Taj,Gibson,Washington,Wizards,67,6,9,232 lbs,F,37,USC,"$1,836,090"
Anthony,Gill,Washington,Wizards,16,6,8,230 lbs,PF,30,Virginia,"$1,836,090"
Jordan,Goodwin,Washington,Wizards,7,6,3,200 lbs,G,24,Saint Louis,"$900,000"
Jay,Huff,Washington,Wizards,30,7,1,240 lbs,C,24,Virginia,--
Quenton,Jackson,Washington,Wizards,29,6,5,173 lbs,G,24,Texas A&M,--
Corey,Kispert,Washington,Wizards,24,6,6,224 lbs,SF,24,Gonzaga,"$3,552,960"
Kyle,Kuzma,Washington,Wizards,33,6,9,221 lbs,SF,27,Utah,"$13,000,000"
Monte,Morris,Washington,Wizards,22,6,2,183 lbs,PG,27,Iowa State,"$9,125,000"
Kendrick,Nunn,Washington,Wizards,20,6,3,190 lbs,G,27,Oakland,"$5,250,000"
Kristaps,Porzingis,Washington,Wizards,6,7,3,240 lbs,C,27,--,"$33,833,400"
Isaiah,Todd,Washington,Wizards,14,6,9,219 lbs,PF,21,--,"$1,575,000"
Delon,Wright,Washington,Wizards,55,6,5,185 lbs,SG,30,Utah,"$7,804,878"
Jose,Alvarado,New Orleans,Pelicans,15,6,0,179 lbs,PG,24,Georgia Tech,"$1,563,518"
Dyson,Daniels,New Orleans,Pelicans,11,6,7,199 lbs,G,20,--,"$5,508,600"
Jaxson,Hayes,New Orleans,Pelicans,10,7,0,220 lbs,C,22,Texas,"$6,803,012"
Willy,Hernangomez,New Orleans,Pelicans,9,6,11,250 lbs,C,28,--,"$2,443,581"
Brandon,Ingram,New Orleans,Pelicans,14,6,8,190 lbs,SF,25,Duke,"$31,650,600"
Herbert,Jones,New Orleans,Pelicans,5,6,7,206 lbs,SF,24,Alabama,"$1,785,000"
Kira,Lewis Jr.,New Orleans,Pelicans,13,6,1,170 lbs,PG,21,Alabama,"$4,004,280"
E.J.,Liddell,New Orleans,Pelicans,32,6,6,240 lbs,F,22,Ohio State,--
Naji,Marshall,New Orleans,Pelicans,8,6,7,220 lbs,SF,25,Xavier,"$1,782,621"
CJ,McCollum,New Orleans,Pelicans,3,6,3,190 lbs,SG,31,Lehigh,"$33,333,333"
Trey,Murphy III,New Orleans,Pelicans,25,6,8,206 lbs,SG,22,Virginia,"$3,206,640"
Larry,Nance Jr.,New Orleans,Pelicans,22,6,8,245 lbs,PF,30,Wyoming,"$9,672,727"
Josh,Richardson,New Orleans,Pelicans,2,6,6,200 lbs,SG,29,Tennessee,"$11,615,328"
Dereon,Seabron,New Orleans,Pelicans,0,6,5,180 lbs,G,22,NC State,--
Garrett,Temple,New Orleans,Pelicans,41,6,6,195 lbs,SF,36,LSU,"$4,910,000"
Jonas,Valanciunas,New Orleans,Pelicans,17,6,11,265 lbs,C,30,--,"$14,700,000"
Zion,Williamson,New Orleans,Pelicans,1,6,6,284 lbs,PF,22,Duke,"$13,534,817"
Dominick,Barlow,San Antonio,Spurs,26,6,9,215 lbs,F,19,--,--
Charles,Bassey,San Antonio,Spurs,28,6,9,230 lbs,C,22,Western Kentucky,"$1,563,518"
Keita,Bates-Diop,San Antonio,Spurs,31,6,8,229 lbs,SF,27,Ohio State,"$1,878,720"
Khem,Birch,San Antonio,Spurs,24,6,8,233 lbs,C,30,UNLV,"$6,667,500"
Malaki,Branham,San Antonio,Spurs,22,6,4,180 lbs,G,19,Ohio State,"$2,925,600"
Julian,Champagnie,San Antonio,Spurs,30,6,7,217 lbs,F,21,St. John's,--
Zach,Collins,San Antonio,Spurs,23,6,11,250 lbs,PF,25,Gonzaga,"$7,350,000"
Gorgui,Dieng,San Antonio,Spurs,41,6,10,265 lbs,C,33,Louisville,"$622,582"
Devonte',Graham,San Antonio,Spurs,4,6,1,195 lbs,PG,28,Kansas,"$11,550,000"
Keldon,Johnson,San Antonio,Spurs,3,6,5,220 lbs,SF,23,Kentucky,"$3,873,025"
Tre,Jones,San Antonio,Spurs,33,6,1,185 lbs,PG,23,Duke,"$1,782,621"
Romeo,Langford,San Antonio,Spurs,35,6,5,216 lbs,SG,23,Indiana,"$5,634,257"
Sandro,Mamukelashvili,San Antonio,Spurs,54,6,10,240 lbs,PF,23,Seton Hall,"$357,717"
Doug,McDermott,San Antonio,Spurs,17,6,6,225 lbs,SF,31,Creighton,"$13,750,000"
Jeremy,Sochan,San Antonio,Spurs,10,6,8,230 lbs,F,19,Baylor,"$5,063,520"
Devin,Vassell,San Antonio,Spurs,24,6,5,200 lbs,SG,22,Florida State,"$4,437,000"
Blake,Wesley,San Antonio,Spurs,14,6,4,185 lbs,G,20,Notre Dame,"$2,385,480"
